{"cameraMode":{"drawMode":2,"name":"Shaded Wireframe","section":"Shading Mode"},"sceneLighting":true,"audioPlay":false,"sceneViewState":{"showFog":true,"showMaterialUpdate":false,"showSkybox":true,"showFlares":true,"showImageEffects":true,"showParticleSystems":true},"in2DMode":false,"pivot":{"x":-0.6614160537719727,"y":0.6352787017822266,"z":0.3303871154785156},"rotation":{"x":-0.33870023488998415,"y":0.05033506453037262,"z":-0.0181435476988554,"w":-0.9393435716629028},"size":19.636653900146486,"orthographic":false}